{
  "training_error": 0.6497399806976318,
  "model_version": "v2",
  "trained_through": "2025-11-30",
  "n_train_embeddings": 137154,
  "embedding_dim": 1536,
  "feature_means": {
    "0": 0.0077709839679300785,
    "1": 0.006848290096968412,
    "2": 0.00468651344999671,
    "3": 0.0050309812650084496,
    "4": 0.0045773847959935665,
    "5": 0.0038934671320021152,
    "6": 0.00415240041911602,
    "7": 0.006981826853007078,
    "8": 0.010514884255826473,
    "9": 0.008256075903773308,
    "10": 0.05487462878227234,
    "11": 0.004344002343714237,
    "12": 0.007948234677314758,
    "13": 0.006072163116186857,
    "14": 0.002894854638725519,
    "15": 0.003920671530067921,
    "16": 0.005948405247181654,
    "17": 0.012641310691833496,
    "18": 0.012686129659414291,
    "19": 0.007272547576576471,
    "20": 0.0059329550713300705,
    "21": 0.0045938678085803986,
    "22": 0.01360370870679617,
    "23": 0.008930997923016548,
    "24": 0.006245948374271393,
    "25": 0.007532263640314341,
    "26": 0.0057639991864562035,
    "27": 0.004995705094188452,
    "28": 0.011823064647614956,
    "29": 0.005503658205270767,
    "30": 0.0025885619688779116,
    "31": 0.0052725509740412235,
    "32": 0.010130544193089008,
    "33": 0.02148541249334812,
    "34": 0.0030108995269984007,
    "35": 0.0038627840112894773,
    "36": 0.009887396357953548,
    "37": 0.010957914404571056,
    "38": 0.012513373047113419,
    "39": 0.012320160865783691,
    "40": 0.004636827856302261,
    "41": 0.004345261491835117,
    "42": 0.0039598592557013035,
    "43": 0.006280326284468174,
    "44": 0.009581895545125008,
    "45": 0.008395862765610218,
    "46": 0.005860554054379463,
    "47": 0.005227467976510525,
    "48": 0.003561269724741578,
    "49": 0.01961551234126091,
    "50": 0.0034059840254485607,
    "51": 0.004001629073172808,
    "52": 0.004866848234087229,
    "53": 0.00405161315575242,
    "54": 0.006107966415584087,
    "55": 0.009762226603925228,
    "56": 0.004596436396241188,
    "57": 0.003027745522558689,
    "58": 0.004933317191898823,
    "59": 0.006049709394574165,
    "60": 0.023895982652902603,
    "61": 0.00476955296471715,
    "62": 0.005143279209733009,
    "63": 0.006476305425167084,
    "64": 0.003574076574295759,
    "65": 0.005078867077827454,
    "66": 0.004452337510883808,
    "67": 0.008172040805220604,
    "68": 0.007071231957525015,
    "69": 0.005397427827119827,
    "70": 0.009831885807216167,
    "71": 0.014937778934836388,
    "72": 0.009349980391561985,
    "73": 0.005199518986046314,
    "74": 0.008689802139997482,
    "75": 0.003525099018588662,
    "76": 0.00788015965372324,
    "77": 0.0031438726000487804,
    "78": 0.0021947347559034824,
    "79": 0.00531498109921813,
    "80": 0.0023784476798027754,
    "81": 0.0037350112106651068,
    "82": 0.009029299020767212,
    "83": 0.004670602735131979,
    "84": 0.00817880779504776,
    "85": 0.003161903703585267,
    "86": 0.026145851239562035,
    "87": 0.008050965145230293,
    "88": 0.011069416999816895,
    "89": 0.004464932717382908,
    "90": 0.0050375796854496,
    "91": 0.00902501679956913,
    "92": 0.01578926481306553,
    "93": 0.005050306208431721,
    "94": 0.0062107970006763935,
    "95": 0.0050165788270533085,
    "96": 0.006669199094176292,
    "97": 0.030443381518125534,
    "98": 0.004421860910952091,
    "99": 0.01324491761624813,
    "100": 0.006819905713200569,
    "101": 0.005158147308975458,
    "102": 0.005899985786527395,
    "103": 0.00428746547549963,
    "104": 0.007976708002388477,
    "105": 0.007117226254194975,
    "106": 0.01269441843032837,
    "107": 0.006628424394875765,
    "108": 0.0037765116430819035,
    "109": 0.005852431524544954,
    "110": 0.008041425608098507,
    "111": 0.00852799043059349,
    "112": 0.0073496378026902676,
    "113": 0.006532181054353714,
    "114": 0.02652065083384514,
    "115": 0.010251485742628574,
    "116": 0.006762683391571045,
    "117": 0.015220277942717075,
    "118": 0.006154938135296106,
    "119": 0.0074897268787026405,
    "120": 0.006491687148809433,
    "121": 0.010968130081892014,
    "122": 0.008104455657303333,
    "123": 0.007625869940966368,
    "124": 0.010178199969232082,
    "125": 0.007404114119708538,
    "126": 0.005577919073402882,
    "127": 0.016332274302840233
  },
  "feature_presence_rates": {
    "0": 0.031307872901993376,
    "1": 0.02854455575484492,
    "2": 0.012839581783980052,
    "3": 0.019168234247634048,
    "4": 0.015238345217784388,
    "5": 0.014173848374819546,
    "6": 0.022485673039065575,
    "7": 0.028296659229770916,
    "8": 0.04259445586712746,
    "9": 0.03089228166878108,
    "10": 0.1674030651676218,
    "11": 0.01750586931478484,
    "12": 0.0288434897997871,
    "13": 0.021217026116628023,
    "14": 0.009019058868133631,
    "15": 0.011899033203552211,
    "16": 0.024862563250069265,
    "17": 0.04397975997783513,
    "18": 0.05383729238666025,
    "19": 0.0322994590022894,
    "20": 0.024140746897647898,
    "21": 0.020888927774618312,
    "22": 0.04443909765664873,
    "23": 0.03306502180031206,
    "24": 0.02596351546436852,
    "25": 0.030790206629044723,
    "26": 0.02152325123583709,
    "27": 0.022310687256660397,
    "28": 0.05172288084926433,
    "29": 0.014720678944835731,
    "30": 0.006496347171792292,
    "31": 0.02170552809250915,
    "32": 0.04702013794712513,
    "33": 0.06881315893083687,
    "34": 0.008581594412120681,
    "35": 0.02476048821033291,
    "36": 0.04045088003266401,
    "37": 0.04131851787042303,
    "38": 0.050767750120302726,
    "39": 0.04607958936669729,
    "40": 0.016674686848360237,
    "41": 0.016929874447701124,
    "42": 0.017622526503054962,
    "43": 0.028143546670166383,
    "44": 0.03871560435714598,
    "45": 0.039182233110226464,
    "46": 0.022930428569345407,
    "47": 0.02270440526707205,
    "48": 0.016113274129810288,
    "49": 0.0667206206162416,
    "50": 0.01313122475465535,
    "51": 0.02082330810621637,
    "52": 0.017870423028128964,
    "53": 0.015296673811919449,
    "54": 0.019591116555113232,
    "55": 0.04078626944894061,
    "56": 0.019984834565524884,
    "57": 0.012839581783980052,
    "58": 0.022718987415605817,
    "59": 0.027188415941204778,
    "60": 0.07588550096971287,
    "61": 0.01886200912842498,
    "62": 0.021931551394782506,
    "63": 0.020517082987007305,
    "64": 0.01353952491360077,
    "65": 0.01967860944631582,
    "66": 0.021435758344634497,
    "67": 0.03149744083293232,
    "68": 0.03479300640156321,
    "69": 0.017549615760386134,
    "70": 0.03659390174548318,
    "71": 0.05463201948175044,
    "72": 0.03879580617408169,
    "73": 0.02037855257593654,
    "74": 0.03277337882963676,
    "75": 0.012307333362497631,
    "76": 0.036586610671216296,
    "77": 0.012402117327967102,
    "78": 0.00790352450530061,
    "79": 0.023185616168686293,
    "80": 0.007502515420622074,
    "81": 0.014706096796301967,
    "82": 0.042434052233256046,
    "83": 0.017629817577321842,
    "84": 0.043396474036484535,
    "85": 0.01677676188809659,
    "86": 0.08441605786196538,
    "87": 0.031716173060938796,
    "88": 0.04408912609183837,
    "89": 0.019430712921241815,
    "90": 0.020400425798737187,
    "91": 0.0382927220496668,
    "92": 0.06573632559021246,
    "93": 0.02138472082476632,
    "94": 0.022099246102920803,
    "95": 0.021289936859296848,
    "96": 0.0204368811700716,
    "97": 0.10553100893885706,
    "98": 0.013867623255610481,
    "99": 0.04124560712775421,
    "100": 0.031125596045321318,
    "101": 0.02129722793356373,
    "102": 0.0238491039269726,
    "103": 0.015756011490733045,
    "104": 0.02919346136459746,
    "105": 0.028347696749639092,
    "106": 0.05567464310191464,
    "107": 0.027771701882555375,
    "108": 0.013342665908394943,
    "109": 0.026102045875439288,
    "110": 0.037891712964988264,
    "111": 0.029448648963938347,
    "112": 0.03490966358983333,
    "113": 0.023032503609081764,
    "114": 0.09328929524476136,
    "115": 0.03894162765941934,